partition_id,quant_bits,coder_channels,en_stride,best_acc,min_loss
3,8,8,1,0.8358413132694938,0.5384486239889393
3,32,8,2,0.8317373461012312,0.5679627294125764
3,4,4,1,0.8153214774281806,0.5984454362288766
3,32,16,1,0.8481532147742818,0.5116887714551843
3,4,32,2,0.8454172366621067,0.5107338946798573
3,16,32,2,0.8426812585499316,0.5167068813158118
3,8,32,1,0.8549931600547196,0.5032892641813859
